qty,part,name,colour,lego_element_id,bricklink_part
20,3021,"Plate 2 x 3",Dark Bluish Gray,4211043,3021
35,3024,"Plate 1 x 1",Dark Bluish Gray,4210719,3024
28,3023b,"Plate 1 x 2",Dark Bluish Gray,4211063,3023
26,3623,"Plate 1 x 3",Dark Bluish Gray,4211133,3623
11,3710,"Plate 1 x 4",Dark Bluish Gray,4211001,3710
5,3020,"Plate 2 x 4",Dark Bluish Gray,4211065,3020
3,3022,"Plate 2 x 2",Dark Bluish Gray,4211094,3022
30,3024,"Plate 1 x 1",Light Aqua,6058016,3024
55,3024,"Plate 1 x 1",White,6548262,3024
5,3623,"Plate 1 x 3",Light Aqua,6325961,3623
10,3023b,"Plate 1 x 2",Light Aqua,6146701,3023
3,3710,"Plate 1 x 4",Light Aqua,6141592,3710
3,3710,"Plate 1 x 4",Light Nougat,6440965,3710
17,3023b,"Plate 1 x 2",Light Nougat,6369188,3023
41,3623,"Plate 1 x 3",White,6552105,3623
21,3021,"Plate 2 x 3",White,6550136,3021
2,3022,"Plate 2 x 2",Light Aqua,6606756,3022
1,3022,"Plate 2 x 2",White,6552099,3022
43,3710,"Plate 1 x 4",White,6552108,3710
47,3023b,"Plate 1 x 2",White,6552100,3023
15,3795,"Plate 2 x 6",White,6550146,3795
21,3666,"Plate 1 x 6",White,6552107,3666
8,3024,"Plate 1 x 1",Light Nougat,6357797,3024
2,3031,"Plate 4 x 4",Light Nougat,6550839,3031
4,3020,"Plate 2 x 4",Light Nougat,6560053,3020
4,3666,"Plate 1 x 6",Tan,4124067,3666
2,3032,"Plate 4 x 6",White,303201,3032
8,3034,"Plate 2 x 8",White,6552101,3034
2,3460,"Plate 1 x 8",Light Aqua,6310373,3460
11,3460,"Plate 1 x 8",White,6550141,3460
14,3020,"Plate 2 x 4",White,6552098,3020
7,3460,"Plate 1 x 8",Dark Bluish Gray,4210998,3460
5,3666,"Plate 1 x 6",Dark Bluish Gray,4211056,3666
3,3795,"Plate 2 x 6",Dark Bluish Gray,4211002,3795
2,3666,"Plate 1 x 6",Light Aqua,6146702,3666
1,3034,"Plate 2 x 8",Dark Bluish Gray,4210997,3034
10,3623,"Plate 1 x 3",Light Nougat,6501239,3623
1,3031,"Plate 4 x 4",White,6552127,3031
1,3795,"Plate 2 x 6",Tan,4113993,3795
4,3021,"Plate 2 x 3",Light Nougat,6357789,3021
1,3022,"Plate 2 x 2",Light Nougat,4496987,3022
3,3024,"Plate 1 x 1",Medium Nougat,6215606,3024
2,3623,"Plate 1 x 3",Medium Nougat,6590759,3623
5,3023b,"Plate 1 x 2",Medium Nougat,6218360,3023
1,3022,"Plate 2 x 2",Medium Nougat,6056383,3022
