name,carnegie
Air Force Inst of Technology,R2
Arizona State University,R1
Auburn University,R1
Augusta University,R2
Baylor University,R1
Binghamton University,R1
Boise State University,R2
Boston College,R1
Boston University,R1
Brandeis University,R1
Brigham Young University,R2
Brown University,R1
California Inst of Technology,R1
Carnegie Mellon University,R1
Case Western Reserve University,R1
Clemson University,R1
Cleveland State University,R2
College of William and Mary,R2
Colorado School of Mines,R1
Colorado State University,R1
Columbia University,R1
Cornell University,R1
CUNY,R1
Dartmouth College,R1
DePaul University,R2
Drexel University,R1
Duke University,R1
Emory University,R1
Florida Atlantic University,R2
Florida Institute of Technology,R2
Florida International University,R1
Florida State University,R1
George Mason University,R1
Georgetown University,R1
George Washington University,R1
Georgia Institute of Technology,R1
Georgia State University,R1
Harvard University,R1
Illinois Institute of Technology,R2
Indiana University,R1
Iowa State University,R1
IUPUI,R2
Johns Hopkins University,R1
Kansas State University,R1
Kent State University,R1
Lehigh University,R2
Louisiana State University,R1
Massachusetts Inst of Technology,R1
Michigan State University,R1
Michigan Technological University,R2
Mississippi State University,R1
Missouri S&T,R2
Montana State University,R1
New Mexico State University,R2
New York University,R1
NJIT,R1
North Carolina State University,R1
North Dakota State University,R1
Northeastern University,R1
Northern Arizona University,R2
Northwestern University,R1
Nova Southeastern University,R2
Oakland University,R2
Ohio State University,R1
Ohio University,R1
Oklahoma State University,R1
Old Dominion University,R1
Oregon State University,R1
Pennsylvania State University,R1
Portland State University,R2
Princeton University,R1
Purdue University,R1
Rensselaer Polytechnic Institute,R1
Rice University,R1
Rochester Inst of Technology,R2
Rutgers University,R1
Saint Louis University,R2
Southern Methodist University,R2
Stanford University,R1
Stevens Institute of Technology,R2
Stony Brook University,R1
Syracuse University,R1
Temple University,R1
Texas A&M University,R1
Texas State University,R2
Texas Tech University,R1
The University of Alabama,R1
Tufts University,R1
Tulane University,R1
UCCS,R2
UNC - Charlotte,R2
UNC - Greensboro,R2
University at Albany - SUNY,R1
University at Buffalo,R1
University of Alabama - Birmingham,R1
University of Alabama - Huntsville,R1
University of Arizona,R1
University of Arkansas,R1
University Of Arkansas - Little Rock,R2
University Of California - Berkeley,R1
University Of California - Davis,R1
University Of California - Irvine,R1
University Of California - Los Angeles,R1
University Of California - Merced,R2
University Of California - Riverside,R1
University Of California - San Diego,R1
University Of California - Santa Barbara,R1
University Of California - Santa Cruz,R1
University of Central Florida,R1
University of Chicago,R1
University of Cincinnati,R1
University of Colorado Boulder,R1
University of Colorado - Denver,R1
University of Connecticut,R1
University of Delaware,R1
University of Denver,R1
University of Florida,R1
University of Georgia,R1
University of Hawaii at Manoa,R1
University of Houston,R1
University of Idaho,R2
University of Illinois at Chicago,R1
University Of Illinois at Urbana - Champaign,R1
University of Iowa,R1
University of Kansas,R1
University of Kentucky,R1
University Of Louisiana - Lafayette,R1
University of Louisville,R1
University Of Maryland - Baltimore County,R1
University Of Maryland - College Park,R1
University Of Massachusetts Amherst,R1
University of Massachusetts Boston,R2
University Of Massachusetts Dartmouth,R2
University of Massachusetts Lowell,R2
University of Memphis,R1
University of Miami,R1
University of Michigan,R1
University of Minnesota,R1
University of Mississippi,R1
University of Missouri,R1
University Of Missouri - Kansas City,R2
University of Nebraska,R1
University of Nebraska - Omaha,R2
University of Nevada,R1
University of Nevada Las Vegas,R1
University of New Hampshire,R1
University of New Mexico,R1
University of New Orleans,R2
University of North Carolina,R1
University of North Texas,R1
University of Notre Dame,R1
University of Oklahoma,R1
University of Oregon,R1
University of Pennsylvania,R1
University of Pittsburgh,R1
University of Rhode Island,R2
University of Rochester,R1
University of South Carolina,R1
University of Southern California,R1
University of Southern Mississippi,R1
University of South Florida,R1
University of Tennessee,R1
University of Texas at Arlington,R1
University of Texas at Austin,R1
University of Texas at Dallas,R1
University of Texas at San Antonio,R1
University of Texas - El Paso,R1
University of Tulsa,R2
University of Utah,R1
University of Vermont,R2
University of Virginia,R1
University of Washington,R1
University of Wisconsin - Madison,R1
University Of Wisconsin - Milwaukee,R1
University of Wyoming,R2
Utah State University,R1
Vanderbilt University,R1
Virginia Commonwealth University,R1
Virginia Tech,R1
Washington State University,R1
Washington University in St Louis,R1
Wayne State University,R1
Western Michigan University,R2
West Virginia University,R1
Wichita State University,R2
Worcester Polytechnic Institute,R2
Yale University,R1
