alias,canonical,note
U.c. Berkeley,University Of California - Berkeley,curated in db.go
"Department Of Mathematics, University Of California, Berkeley",University Of California - Berkeley,curated in db.go
"University Of California, Berkeley Department Of Mathematics",University Of California - Berkeley,curated in db.go
"Department Of Integrative Biology, Uc Berkeley",University Of California - Berkeley,curated in db.go
"Univ. Of California, Berkeley, Dept Of Integrative Biology",University Of California - Berkeley,curated in db.go
University Of Illinios Urbana-Champaign,University Of Illinois at Urbana - Champaign,curated in db.go
University Of Texas At Austin Marine Science Institute,University of Texas at Austin,curated in db.go
"The University Of Texas At Austin, Department Of Astronomy",University of Texas at Austin,curated in db.go
Regents Of The University Of Michigan Ann Arbor,University of Michigan,curated in db.go
The Regents Of The Univ Of Calif U c San Diego,University Of California - San Diego,curated in db.go
University Of California San Diego Scripps Inst Of Oceanography,University Of California - San Diego,curated in db.go
San Diego State University Foundation,San Diego State University,curated in db.go
Scripps Institution Of Oceanography Uc San Diego,University Of California - San Diego,curated in db.go
University Of Wisconsin-Madison / Trout Lake Research Station,University of Wisconsin - Madison,curated in db.go
"University Of Wisconsin - Madison, Dept Of Botany",University of Wisconsin - Madison,curated in db.go
"University Of Califonia, Santa Barbara",University Of California - Santa Barbara,curated in db.go
"Penn State University, University Park",Pennsylvania State University,curated in db.go
Massachusetts Institute Of Technology Mit,Massachusetts Institute of Technology,curated in db.go
Stanford Univeristy,Stanford University,curated in db.go
Regents Of The University Of Michigan Dearborn,University of Michigan - Dearborn,curated in db.go
Regents Of The University Of Michigan Flint,University of Michigan - Flint,curated in db.go
Massachusetts Institute Of Technology Department Of Mathematics,Massachusetts Institute of Technology,curated in db.go
Mit Civil And Environmental Engineering,Massachusetts Institute of Technology,curated in db.go
Mit Department Of Mathematics,Massachusetts Institute of Technology,curated in db.go
Department Of Linguistics University Of Massachusetts Amherst,University of Massachusetts Amherst,curated in db.go
Stanford University Mathematics Department,Stanford University,curated in db.go
Stanford Nanofabrication Facility Snf,Stanford University,curated in db.go
Stanford University - Department Of Biology,Stanford University,curated in db.go
Stanford University Department Of Mathematics,Stanford University,curated in db.go
Stanford University - Biology Department,Stanford University,curated in db.go
Cornell Tech,Cornell University,curated in db.go
Joan And Sanford I Weill Medical College Of Cornell University,Cornell University,curated in db.go
University Of Washington Sch Of Marine And Env Affairs,University of Washington,curated in db.go
University Of Washington Department Of Atmospheric Sciences,University of Washington,curated in db.go
University Of Washington Department Of Mathematics,University of Washington,curated in db.go
The University Of Michigan-Ann Arbor,University of Michigan,Ann Arbor = CSRankings 'University of Michigan'
University Of Washington - Seattle,University of Washington,Seattle = CSRankings 'University of Washington'
Pennsylvania State Univ University Park,Pennsylvania State University,NSF spelling
University Of Minnesota - Twin Cities,University of Minnesota,NSF flagship name
Virginia Polytechnic Institute And State University,Virginia Tech,NSF flagship name
Rutgers University New Brunswick,Rutgers University,NSF flagship name
William Marsh Rice University,Rice University,NSF legal name
University Of Nebraska - Lincoln,University of Nebraska,NSF flagship name
University Of North Carolina At Chapel Hill,University of North Carolina,NSF flagship name
University Of Hawaii,University of Hawaii at Manoa,NSF flagship name
Washington University,Washington University in St Louis,NSF name
University Of Tennessee Knoxville,University of Tennessee,NSF flagship name
University Of South Carolina At Columbia,University of South Carolina,NSF flagship name
University Of Missouri Columbia,University of Missouri,NSF flagship name
University Of Alabama Tuscaloosa,The University of Alabama,NSF flagship name
Suny At Stony Brook,Stony Brook University,NSF SUNY name
Suny At Buffalo,University at Buffalo,NSF SUNY name
Suny At Binghamton,Binghamton University,NSF SUNY name
Suny At Albany,University at Albany - SUNY,NSF SUNY name
University Of Oklahoma Norman Campus,University of Oklahoma,NSF flagship name
University Of Oregon Eugene,University of Oregon,NSF flagship name
University Of Nevada Reno,University of Nevada,NSF flagship name
Northwestern University At Chicago,Northwestern University,NSF campus name
Texas State University - San Marcos,Texas State University,NSF campus name
University Of Vermont & State Agricultural College,University of Vermont,NSF legal name
Missouri University Of Science And Technology,Missouri S&T,NSF name
Missouri University of Technology,Missouri S&T,CSRankings lists both spellings
Georgia Tech Research Corporation,Georgia Institute of Technology,Georgia Tech's grant-receiving arm
Georgia Tech Applied Research Corporation,Georgia Institute of Technology,Georgia Tech's grant-receiving arm
Texas A&M Univerisity,Texas A&M University,typo in NSF data
Texas A and M University Commerce East Texas A and M University,Texas A&M University - Commerce,NSF name
Texas A&M Research Foundation,Texas A&M University,grant-receiving arm
Texas A&M Engineering Experiment Station,Texas A&M University,grant-receiving arm
Texas A&M Agrilife Research,Texas A&M University,grant-receiving arm
Texas A&M Agrilife Extension Service,Texas A&M University,grant-receiving arm
State University Of New York Albany,University at Albany - SUNY,NSF name
Cuny Graduate Center,CUNY,CUNY senior college / Graduate Center: CSRankings lists all CUNY faculty as one CUNY
"The Graduate Center, City University Of New York",CUNY,CUNY senior college / Graduate Center: CSRankings lists all CUNY faculty as one CUNY
The City University Of New York Graduate Center,CUNY,CUNY senior college / Graduate Center: CSRankings lists all CUNY faculty as one CUNY
Cuny Graduate School University Center,CUNY,CUNY senior college / Graduate Center: CSRankings lists all CUNY faculty as one CUNY
City University Of New York,CUNY,CUNY senior college / Graduate Center: CSRankings lists all CUNY faculty as one CUNY
Cuny City University Of New York,CUNY,CUNY senior college / Graduate Center: CSRankings lists all CUNY faculty as one CUNY
Cuny City College,CUNY,CUNY senior college / Graduate Center: CSRankings lists all CUNY faculty as one CUNY
Cuny Hunter College,CUNY,CUNY senior college / Graduate Center: CSRankings lists all CUNY faculty as one CUNY
Cuny Queens College,CUNY,CUNY senior college / Graduate Center: CSRankings lists all CUNY faculty as one CUNY
Queens College City University Of New York,CUNY,CUNY senior college / Graduate Center: CSRankings lists all CUNY faculty as one CUNY
Cuny Brooklyn College,CUNY,CUNY senior college / Graduate Center: CSRankings lists all CUNY faculty as one CUNY
Cuny Baruch College,CUNY,CUNY senior college / Graduate Center: CSRankings lists all CUNY faculty as one CUNY
Cuny College Of Staten Island,CUNY,CUNY senior college / Graduate Center: CSRankings lists all CUNY faculty as one CUNY
Cuny York College,CUNY,CUNY senior college / Graduate Center: CSRankings lists all CUNY faculty as one CUNY
Cuny Lehman College,CUNY,CUNY senior college / Graduate Center: CSRankings lists all CUNY faculty as one CUNY
Cuny John Jay College Of Criminal Justice,CUNY,CUNY senior college / Graduate Center: CSRankings lists all CUNY faculty as one CUNY
Cuny Medgar Evers College,CUNY,CUNY senior college / Graduate Center: CSRankings lists all CUNY faculty as one CUNY
Cuny New York City College Of Technology,CUNY,CUNY senior college / Graduate Center: CSRankings lists all CUNY faculty as one CUNY
University Of Colorado At Denver-Downtown Campus,University of Colorado - Denver,CU Denver's downtown campus
The University Corporation Northridge,California State University Northridge,CSUN's grant-receiving corporation
