institution,unitid,note
University of Washington,236948,"IPEDS names every campus ""University of Washington-<X> Campus"""
University of Pittsburgh,215293,"University of Pittsburgh-Pittsburgh Campus"
University of New Mexico,187985,"University of New Mexico-Main Campus"
University of New Hampshire,183044,"University of New Hampshire-Main Campus"
Kent State University,203517,Kent State University at Kent
Indiana University,151351,Indiana University-Bloomington
College of William and Mary,231624,IPEDS name: William & Mary
UNC - Greensboro,199148,University of North Carolina at Greensboro
SIU Carbondale,149222,Southern Illinois University-Carbondale
University of Colorado - Denver,126562,University of Colorado Denver/Anschutz Medical Campus
Air Force Institute of Technology,200697,Graduate School of Engineering & Management
TTI Chicago,445054,Toyota Technological Institute at Chicago
CUNY,190576,"CSRankings lists CUNY as one; PhD faculty sit at the CUNY Graduate Center"
Ohio State University,204796,"Ohio State University-Main Campus"
Ohio University,204857,"Ohio University-Main Campus"
Oklahoma State University,207388,"Oklahoma State University-Main Campus"
Pennsylvania State University,214777,"Pennsylvania State University-Main Campus"
New Mexico State University,188030,"New Mexico State University-Main Campus"
IUPUI,151111,renamed Indiana University-Indianapolis in 2024; same UNITID
LIU Post,192448,"Long Island University, Brookville (the Post campus)"
Massachusetts Inst of Technology,166683,CSRankings abbreviates Institute
California Inst of Technology,110404,CSRankings abbreviates Institute
Rochester Inst of Technology,195003,CSRankings abbreviates Institute
Air Force Inst of Technology,200697,"IPEDS: Air Force Institute of Technology-Graduate School of Engineering & Management"
