id,name,provider,destination_countries,levels,eligible_nationalities,covers,application_window,official_url,verified,notes
daad-epos,DAAD Development-Related Postgraduate Courses (EPOS),DAAD,DE,masters;phd,developing,full DAAD scholarship incl. monthly stipend (exact benefits per DAAD call; not itemised here),"varies by course, roughly Aug–Oct for the following year (approximate; DAAD says see each course announcement)",https://www.daad.pk/en/find-funding/daad-scholarship-programmes-for-pakistan/,yes,"Pakistan eligible; apply directly to a listed German EPOS course, which forwards candidates to DAAD; relevant work experience typically required."
daad-helmut-schmidt,DAAD Helmut-Schmidt-Programme (Public Policy and Good Governance),DAAD,DE,masters,developing,full DAAD scholarship incl. monthly stipend (exact benefits per DAAD call),approx. Jun–Jul (DAAD Pakistan lists end of July),https://www.daad.de/en/studying-in-germany/scholarships/daad-funding-programmes/helmut-schmidt-programme/,yes,"Pakistan is on the eligible-country list; covers public policy, law, economics and administration master's courses only."
daad-doctoral,DAAD Doctoral Programmes in Germany,DAAD,DE,phd,*,monthly stipend plus DAAD standard allowances (exact benefits per DAAD call),approx. Jun–Aug (DAAD Pakistan lists end of August),https://www.daad.pk/en/find-funding/daad-scholarship-programmes-for-pakistan/,yes,Full doctoral programme (up to ~3 years) at a German university; Pakistan eligible.
daad-research-grants,"DAAD Research Grants (short-term, in Germany)",DAAD,DE,phd;postdoc,*,monthly stipend plus DAAD standard allowances (exact benefits per DAAD call),approx. Jun–Aug (DAAD Pakistan lists end of August),https://www.daad.pk/en/find-funding/daad-scholarship-programmes-for-pakistan/,yes,2–12 month research stays for doctoral candidates and postdocs; Pakistan eligible.
erasmus-mundus,Erasmus Mundus Joint Masters scholarships,European Union (Erasmus+ / EACEA),EU,masters,*,"participation/tuition costs, monthly living allowance, travel and visa",approx. Oct–Jan (each programme sets its own deadline),https://erasmus-plus.ec.europa.eu/opportunities/individuals/students/erasmus-mundus-joint-masters,yes,Open to students worldwide including PK; apply directly to each joint master's consortium.
chevening,Chevening Scholarships,UK Government (FCDO),GB,masters,*,"tuition, monthly living allowance, return economy flights, visa cost, arrival/departure allowances",approx. Aug–Oct,https://www.chevening.org/scholarship/pakistan/,yes,Pakistan eligible; one-year taught master's for applicants with work experience.
csc-uk-masters,Commonwealth Master's Scholarships,Commonwealth Scholarship Commission in the UK,GB,masters,developing,"tuition, monthly stipend, return airfare, study travel grant","approx. Sep–Oct (national nominator, e.g. HEC, often closes earlier)",https://cscuk.fcdo.gov.uk/scholarships/commonwealth-masters-scholarships/,yes,"Pakistan is on the eligible list; applicants must be nominated by a national nominating agency, not apply directly."
csc-uk-phd,Commonwealth PhD Scholarships,Commonwealth Scholarship Commission in the UK,GB,phd,BD;GM;KI;LS;MW;MZ;NG;PK;RW;SL;SB;LK;TZ;TG;TV;UG;ZM,"tuition, monthly stipend, return airfare, fieldwork and family allowances",approx. Sep–Oct (national nominator often closes earlier),https://cscuk.fcdo.gov.uk/scholarships/commonwealth-phd-scholarships-for-least-developed-countries-and-vulnerable-states/,yes,Pakistan is one of 17 eligible countries; 36 months of full-time PhD; requires nomination.
csc-uk-shared,Commonwealth Shared Scholarships,Commonwealth Scholarship Commission in the UK with UK universities,GB,masters,developing,"tuition, monthly stipend, return airfare",approx. Nov–Feb (universities nominate to CSC in March),https://cscuk.fcdo.gov.uk/scholarships/commonwealth-shared-scholarships-applications/,yes,"Pakistan is on the eligible list; master's only, at participating UK universities; 2026/27 round closed."
eiffel,France Excellence Eiffel Scholarship,French Ministry for Europe and Foreign Affairs / Campus France,FR,masters;phd,*,"monthly allowance, travel, health insurance (tuition exempt at public institutions)",approx. Oct–Jan (submitted by the French institution),https://www.campusfrance.org/en/eiffel-scholarship-program-of-excellence,yes,Any foreign national (PK included); the French institution applies for you; age limits 29 (master's) and 35 (PhD).
italy-maeci,Italian Government (MAECI) Scholarships for Foreign Students,Italian Ministry of Foreign Affairs (MAECI),IT,masters;phd,developing,allowance paid in instalments; tuition exemption only where the university grants it,approx. Feb–Mar,https://www.esteri.it/en/servizi-opportunita/opportunita/borse-di-studio/per-cittadini-stranieri/borsestudio_stranieri/,yes,"Pakistan had awardees for 2025–26 (Italian Embassy Islamabad ranking); 2026–27 country list not viewable, so re-check yearly on studyinitaly.esteri.it."
italy-iyt,Invest Your Talent in Italy (IYT),MAECI / ICE Agency / Uni-Italia,IT,masters,AR;AM;AZ;BD;BR;CL;CO;EG;ET;GH;IN;ID;IR;KZ;MX;MN;PY;PE;CN;TN;TR;UY;VN,"stipend, tuition exemption, Italian course, mandatory company internship",approx. Apr–May,https://investyourtalentapplication.esteri.it/SitoIYT/EN/invest-your-talent-in-italy,yes,Pakistan is NOT eligible for 2026–27 (official list has 23 countries) despite blogs claiming otherwise.
swiss-esks,Swiss Government Excellence Scholarships,Swiss Confederation (SERI / FCS),CH,phd;postdoc,*,"CHF 2,450 monthly stipend, health insurance (non-EU), return flight allowance; tuition NOT covered","approx. Aug–Oct (Pakistan: opens late Aug, closes end Oct)",https://www.sbfi.admin.ch/en/swiss-government-excellence-scholarships,yes,"Pakistan offered PhD and Research Fellowship types via the Swiss Embassy Islamabad; Master's holders only, max age 35."
nl-scholarship,NL Scholarship (formerly Holland Scholarship),Dutch Ministry of Education / Dutch institutions,NL,masters,!EEA,"EUR 5,000 one-off in first year",approx. Nov–May (deadlines set by each institution),https://www.studyinnl.org/finances/nl-scholarship,yes,Partial award only; open to non-EEA nationals including PK.
nl-okp,Orange Knowledge Programme (OKP),Nuffic / Dutch Ministry of Foreign Affairs,NL,masters,developing,(discontinued),discontinued,https://www.nuffic.nl/en/news/nuffic-phases-out-most-activities-outside-europe-after-the-orange-knowledge-programme-ends,yes,DISCONTINUED: OKP ended in 2024; no new rounds.
si-sisgp,SI Scholarship for Global Professionals,Swedish Institute,SE,masters,AM;AZ;BD;BY;BO;BR;CO;EC;EG;ET;GE;GT;ID;IQ;JO;KE;LR;MY;MX;MD;MA;NG;PE;PH;RW;SN;ZA;TZ;TH;UG;UA;UZ;VN;ZM,"tuition, monthly allowance, travel grant, insurance",approx. Oct–Jan (programme admission) then Feb (SI scholarship),https://si.se/en/apply/scholarships/swedish-institute-scholarships-for-global-professionals/,yes,Pakistan is NOT on the current 34-country list.
fulbright-pk,Fulbright Degree Program (Pakistan),USEFP (US Government),US,masters;phd,PK,"tuition, textbooks, airfare, living stipend, health insurance",approx. Feb–Apr (recent deadline 1 April),https://www.usefp.org/scholarships/fulbright-degree.cfm,yes,Pakistan-specific programme run by USEFP; GRE required; clinical medicine excluded.
nsf-grfp,NSF Graduate Research Fellowship Program (GRFP),US National Science Foundation,US,masters;phd,US,stipend plus cost-of-education allowance to the institution (3 years),approx. Aug–Oct,https://www.nsf.gov/funding/initiatives/grfp,yes,"NOT open to Pakistani nationals: US citizens, nationals and permanent residents only."
hec-us-pak-corridor,US-Pakistan Knowledge Corridor PhD Scholarships,Higher Education Commission (HEC) Pakistan,US,phd,PK,tuition and stipend (HEC terms),irregular; check HEC announcements,https://www.hec.gov.pk/english/scholarshipsgrants/US-Pakcorridor/Pages/default.aspx,yes,Pakistani/AJK nationals only; PhD at US universities; HEC service bond applies.
canada-cgrs-d,Canada Graduate Research Scholarship – Doctoral (CGRS D; replaced Vanier),CIHR / NSERC / SSHRC,CA,phd,*,"CAD 40,000 per year for 3 years",approx. Sep–Oct (institution deadlines earlier),https://www.nserc-crsng.gc.ca/students-etudiants/pg-cs/cgsd-bescd_eng.asp,yes,Vanier no longer accepts applications; international applicants (up to 15% of awards) must already be enrolled in a Canadian doctoral programme.
australia-awards-pk,Australia Awards Scholarships (Pakistan),Australian Government (DFAT),AU,masters,PK,"tuition, return airfare, establishment allowance, living contribution, health cover",approx. Feb–Apr,https://www.dfat.gov.au/people-to-people/australia-awards/participating-countries/pakistan-information-for-intake,yes,Pakistan eligible for master's only; requires 5 years' work experience and residence in Pakistan.
mext,Japanese Government (MEXT) Scholarship – Research Students,Japan Ministry of Education (MEXT),JP,masters;phd,*,"tuition, monthly stipend, airfare (amounts per annual MEXT guidelines)",approx. Apr–May for the Pakistan embassy track (recent deadline late May),https://www.studyinjapan.go.jp/en/planning/scholarships/mext-scholarships/,yes,"Pakistan applicants apply via the Embassy of Japan in Islamabad or Consulate in Karachi, or through university recommendation."
gks,Global Korea Scholarship (GKS) – Graduate,Korea NIIED (Ministry of Education),KR,masters;phd,*,"tuition, monthly allowance, airfare, 1-year Korean language course",approx. Feb–Mar,https://www.studyinkorea.go.kr/en/plan/scholarship.do,yes,Pakistan has an embassy-track quota via the Korean Embassy Islamabad; university track also available; under 40.
cgs-china,Chinese Government Scholarship – Bilateral Program,China Scholarship Council (CSC),CN,masters;phd,*,"full or partial scholarship (tuition, accommodation, stipend, insurance under full award)",approx. Nov–Jan (HEC nomination for Pakistan),https://www.campuschina.org/content/details3_74775.html,yes,"For Pakistan, HEC selects and nominates; the Chinese Embassy does not accept individual applications."
hec-overseas-p3,HEC Overseas Scholarships for MS/MPhil leading to PhD in Selected Fields (Phase-III),Higher Education Commission (HEC) Pakistan,*,masters;phd,PK,tuition and stipend (HEC terms),irregular batches (most recent closed Aug 2026),https://www.hec.gov.pk/english/scholarshipsgrants/OSSPhase-III/Pages/default.aspx,yes,Pakistani/AJK nationals only; top-200 QS/THE universities in priority fields; HAT test and service bond required.
hkpfs,Hong Kong PhD Fellowship Scheme (HKPFS),"Research Grants Council (RGC), Hong Kong",HK,phd,*,"annual stipend (HK$344,400 in 2026/27) plus conference and research travel allowance (HK$14,400 a year)",see official page,https://cerg1.ugc.edu.hk/hkpfs/index.html,yes,Open irrespective of country of origin; 400 fellowships for 2027/28; apply through a Hong Kong university.
sg-singa,Singapore International Graduate Award (SINGA),"A*STAR with NUS, NTU and SUTD",SG,phd,*,see official page,see official page,https://www.a-star.edu.sg/scholarships/for-graduate-studies/singapore-international-graduate-award-singa,no,PhD at A*STAR research institutes with a partner university; check current terms on the official page.
au-rtp,Research Training Program (RTP) scholarships,"Australian Government, awarded by each university",AU,phd;masters,*,tuition offset and living stipend (amounts set by each university),per university; check each university's PhD application,https://www.education.gov.au/research-block-grants/research-training-program,no,Open to international research students; apply through each Australian university's research degree application.
nz-manaaki,Manaaki New Zealand Scholarships,New Zealand Ministry of Foreign Affairs and Trade,NZ,masters;phd,KH;ID;LA;MY;NP;PH;TH;TL;VN,"tuition, living allowance, travel, insurance",see official page,https://www.nzscholarships.govt.nz/check-eligible-countries/,yes,"Pakistan is not eligible; eligible Asian countries listed here, plus Pacific countries (see official page)."
