institution,latitude,longitude,source
AUEB,37.99389,23.73222,wikidata
Beijing Jiaotong University,39.94433,116.33685,openstreetmap
Brandenburg University of Technology,51.76720,14.32640,wikidata
Brno University of Technology,49.22655,16.59543,openstreetmap
Central South University,28.15784,112.93230,openstreetmap
Chongqing University,29.56995,106.45961,openstreetmap
GSSI,42.34559,13.40047,openstreetmap
Griffith University,-27.96334,153.38469,openstreetmap
HKUST,22.33750,114.26300,wikidata
HSE University,59.94017,30.28344,openstreetmap
IMDEA Networks Institute,40.33672,-3.77074,openstreetmap
IMDEA Software Institute,40.40697,-3.83575,wikidata
IMSc,12.99422,80.24707,wikidata
JUST,32.55105,35.85277,openstreetmap
Kempelen Institute - KInIT,48.14350,17.10829,openstreetmap
MBZUAI,24.43278,54.61806,wikidata
MUST,22.15340,113.56800,wikidata
Malmö University,55.60889,12.99322,openstreetmap
Mohammed VI Polytechnic University,32.21865,-7.93633,openstreetmap
Mälardalen University,59.61854,16.54068,wikidata
NAIST,34.73181,135.73359,openstreetmap
NWPU,34.24692,108.91062,openstreetmap
Northwest University,34.14545,108.86992,openstreetmap
PTIT,20.98139,105.78669,openstreetmap
Plaksha University,30.63165,76.72607,openstreetmap
Qatar Computing Research Institute,25.31413,51.43234,wikidata
RWTH Aachen University,50.77917,6.06892,openstreetmap
SUFE,31.30673,121.49486,wikidata
Sabancı University,40.89272,29.37863,openstreetmap
Sichuan University,30.56018,103.99735,openstreetmap
Simula UiB,60.38077,5.33064,openstreetmap
Sungkyunkwan University,37.58705,126.99063,openstreetmap
THWS,49.78761,9.93379,openstreetmap
TOBB ETÜ,39.91323,32.80581,openstreetmap
Tata Inst of Fundamental Research,18.90712,72.80496,openstreetmap
TeIAS,35.75887,51.40069,openstreetmap
The Hong Kong Polytechnic University,22.30500,114.18000,wikidata
Tianjin University,38.99693,117.30628,openstreetmap
USP - ICMC,-23.56105,-46.72523,openstreetmap
Universidad Nacional de Córdoba,-31.43696,-64.18768,openstreetmap
Universidade Federal de Viçosa,-20.75386,-42.88159,openstreetmap
University of A Coruña,43.37065,-8.42022,openstreetmap
University of Antwerp,51.18439,4.41994,openstreetmap
University of Basel,47.56127,7.57530,openstreetmap
University of Catania,37.50360,15.08670,wikidata
University of Dhaka,23.73124,90.39153,openstreetmap
University of Düsseldorf,51.24917,6.76955,openstreetmap
University of Erlangen–Nuremberg,49.60072,11.00472,wikidata
University of Fribourg,46.79306,7.15711,openstreetmap
University of Göttingen,51.53398,9.93792,wikidata
University of Macau,22.12997,113.54480,wikidata
University of Moratuwa,6.79723,79.90122,openstreetmap
University of Münster,51.96734,7.59924,openstreetmap
University of Osnabrück,52.27317,8.04572,openstreetmap
University of Patras,38.28693,21.78511,openstreetmap
University of Peradeniya,7.25636,80.59705,openstreetmap
University of Regensburg,49.00308,12.09627,openstreetmap
University of Sannio,41.12737,14.78141,wikidata
University of Tübingen,48.53406,9.07124,openstreetmap
University of Wollongong,-34.40506,150.87835,openstreetmap
Université du Québec à Montréal,45.50986,-73.56934,openstreetmap
Western Sydney University,-34.06543,150.79325,openstreetmap
Yangzhou University,32.34418,119.39469,openstreetmap
Özyeğin University,41.03205,29.25979,openstreetmap
