chinese,english,note
國立臺灣大學,National Taiwan University,
國立成功大學,National Cheng Kung University,
國立清華大學,National Tsing Hua University,
臺北醫學大學,Taipei Medical University,
國立中央大學,National Central University,
長庚大學,Chang Gung University,
國立陽明交通大學,National Yang Ming Chiao Tung University,merged 2021
高雄醫學大學,Kaohsiung Medical University,
國立中興大學,National Chung Hsing University,
國立臺灣師範大學,National Taiwan Normal University,
國立中山大學,National Sun Yat-sen University,
國立交通大學,National Yang Ming Chiao Tung University,before the 2021 merger
國立臺灣科技大學,National Taiwan University of Science and Technology,
國立政治大學,National Chengchi University,
逢甲大學,Feng Chia University,
國立臺灣海洋大學,National Taiwan Ocean University,
國立陽明大學,National Yang Ming Chiao Tung University,before the 2021 merger
輔仁大學,Fu Jen Catholic University,
中原大學,Chung Yuan Christian University,
國防醫學院,National Defense Medical Center,
國立雲林科技大學,National Yunlin University of Science and Technology,
元智大學,Yuan Ze University,
國立屏東科技大學,National Pingtung University of Science and Technology,
中山醫學大學,Chung Shan Medical University,
國立虎尾科技大學,National Formosa University,
義守大學,I-Shou University,
長庚學校財團法人長庚科技大學,Chang Gung University of Science and Technology,
國立勤益科技大學,National Chin-Yi University of Technology,
國立聯合大學,National United University,
國立高雄大學,National University of Kaohsiung,
南臺學校財團法人南臺科技大學,Southern Taiwan University of Science and Technology,
國立臺中科技大學,National Taichung University of Science and Technology,
臺北市立大學,University of Taipei,
國立臺東大學,National Taitung University,
朝陽科技大學,Chaoyang University of Technology,
慈濟學校財團法人慈濟大學,Tzu Chi University,
中央研究院,Academia Sinica,
淡江大學,Tamkang University,
東海大學,Tunghai University,
國立中正大學,National Chung Cheng University,
